26611759,14164495890,1586111400
0006DC24D7DF792A661041239185DB80AFF6176F,210042880,0
0011BDD973EE3AE2E94F75902D8F0DC6A7EB66E5,849493,0
003F43F54C6303009D3FF17AF58100966ABFC007,0,0
0064756B991B5B61DB53DD787F6A685576E1D3C7,0,0
0080A8FB61D721C0AD7C1CA88CF74ED73716C699,0,0
013D02671DEB47704FA4865640586B18724454CC,0,0
01CB03D2343914F0D6C1F91F7B382E6D2A7591CA,0,0
01DACF9E56372312E2FB77A555F487922DAA02AC,0,0
01ECA273EE7F4A8BA76606429D6667A974A7E9A3,0,0
02293C93F1BD6E303DA9F3575390308AE753C74E,0,0
0233ED62318FA82FD07A046105C613E3F1FFB891,0,0
0327C6F02C45B15CF0511F78F360B861A199693C,0,0
0335D762A7FC446BEC9C74FF3B98E1D952FAEEC4,0,0
03D117EE69E716869FC3FB09D729141E2AC91218,0,0
040D8378EC753F5419902A67FA4EC0F1ABDDECF9,0,0
042DCABDF5E13981A03C0DD86D661D7B9BFDCC5B,0,0
047B336DAFA5036AB85D377AB3C5CA5A8E842CD1,0,0
04B68CCA9CADC57CA44113398BECF32E90FB9E3E,0,0
04B79F35CACD85DB628B150FF3C61ED6DCBCE88E,65536,172183
04D52E3FEA71CADB0E4563D397A40B4BEE6577F7,0,0
051218D7AF0D5F7A08BBDAD0642A500D1EB8FC01,0,0
051725D053F7E3B974CEE944B83FCB28F20C5093,720896,0
055E43C180538CAA6E10DAAAB0B013A9A866E3E9,0,0
058C87656C9C4A484E0A08B698370FD00C46F7C6,0,0
05E31270C64DB608E168F9303D7708D6BA1D248F,0,0
060DAF5C557B00F23B1D821DFAC1BDD54389AA7F,0,0
06194CBFAE9F63BF2484DECF38289A17B4DDBBEB,150945792,0
065527142E3712EC18287CA3411377942E2A510C,0,0
065F501E35A834CAA1708E3338D80DF8D4A98BAF,0,0
066667239D12F7D7B4221E77C53E4CBD6CC4D87C,0,0
06F507AA44C3EC0A47D1DCAC0F6E9D0C469FC98B,229376,0
0734716AC0E6506970B918D8BC79F8EF5662014B,21317992,45896327
07753C260E6B0AFD2D20408DDEE7EEAC5FA38EDE,0,0
07E2D38E4C80D037EBCF4F5D24044803205DFE21,0,0
0830F616484CDEA3833326CCED33A01535C4AB09,0,0
084C27596DD784FC21AA545268C38374700C3ACB,0,0
085F58470A6819AF57E176019B8E5E203FB0176C,0,0
087E4C99EF6D1900BBB53F2E7DA7E29B09D1178A,0,0
089422CE2893507C690C065B577AAB634EA7958A,0,0
089C08AE57403859E37012AFD424A779B94AA561,0,0
08A561718EA99ABD2E8650003AECCB955CCFF5AE,0,0
08D1E08BBBA8611E9A3DAC947432C2FCD17EE88E,0,0
090ABC582AD00B98EB2F282E5159D4DB457EB1F5,723170635,0
0958CBC51A5CB81BA8DC58275154FBABA249614A,0,0
0AA748D7FEEF10E83B5B33B528A684F1B2F7A691,0,0
0B40C7E71369985B30BE0C611E804B4F3EE4E6F4,0,708253652
0B5A6B87C331A71B2E32357A340EA80D4749A7A5,0,0
0C1819182EF093ED398F33562DCBA9BE7EFB36AB,0,0
0CB85BB0C91460B645BC770078F2F70F6A30332E,0,0
0CFA0ED7CD78154AD23FE9BAF58A055134A91724,198718,0
0D1E56A582F77AFF981E36735F47F16468CD45C2,0,0
0D7A909831003BF1F3B314A3BB81148E05DEE90C,0,0
0DD1368CFF8074A90D766A85BABDD67753E301E7,0,0
0DD68A2F0966D52036F78AEF493419540CA12F15,0,0
0DF8F744C50D36151A0506E70F493F6A5814ECE3,41954342093,0
0E167AF94269264C5162E0887F47B0F35337F761,0,0
0EC6D7A99B7A4ABF15E656F06FCC74B776248371,0,0
0F02B24E17802D399387264E78F1F451CAB7977D,0,0
0F2D710716C09E3BD161DE292C5CF457E58B7E6F,0,0
0F70D38330D2D468D2478D2BA963B9D22CF3426B,32713168005,0
0F86D4EAC66DC3353ABAD6E9CA7B582F1CBB1A50,63963136,0
1023C6C3CB65E64A4874F05DE658090BB941A306,0,0
110FF079D1895A42E8512AE294E56CA24054A10C,4952042193,14337279626
114AFD92B97761EBA99206749703F5540E485263,0,0
115D32C9448024D6C5368A9959911C7532C061CF,0,0
12763461EBF274207FD0AB101689AF57184E5F34,0,0
127F02B006633938497A9F68D73ABF43A0BEF6CF,0,0
12B1757667943EDBDD934771ED4852253794E8AE,49152,0
132924702B13EF4C0B3FCE4D4E90F373642CB6D0,163840,1880318
1329D1FBDDE824A73DFF920F6D3D2E43D42A749E,0,0
14377A9FDDFF48E4B0D7CE11184C29027A25F7B5,0,0
148544542672AD02088F1CA83535199038DC2FFD,307298304,0
14B995C62071ACC4AA0BF979A45F2063D4EFCFDC,0,12809307981
14C43B41E22FEEEB8C3F77C9526485BB9E6DD4AD,0,0
14C7F3AC77F0CF1CD0F71EAB684E169B6E1A3FA7,0,0
15E263A94421B00612D2B2130A73F4C998E8A2AC,0,0
163C90950CA91A86918086FEE3168EBA9716D645,0,1546483712
16AF9E0D9C7AFB74611D87AFC287118F0DCA1F5F,92702057,0
16C9FF5BCB71AA46E8C5BC697E9768CD12C38BDD,0,0
17E0FB802E0FB5964F47910B3B8D0E9981C63E0B,0,0
17F4AC5DDCBA63B1B9A3776C860FDC405CB8F0C1,0,0
184116C470813C7E6263F5D50F33B9B3ACE1B3B0,0,0
188271CBF7295A8D1F4DF36F6F3C34A24F2A9168,0,0
18827C542F128FD91FEE7CB276041E94659EC660,2045034,0
18853833B080578DAC68F60749C368D659FC8180,0,0
18A7A302493F52A7EC2CE96C29141A020BEEB8A6,0,0
190C83999DA6B55903AEE33324E42990F02B70FD,0,0
19563341FFE636437232456CDDE8315B102E6A57,0,0
197C684074EE5D6E23BE8CA063CB9E05A9FFCCFB,0,0
1A61D0CBF4A6F6892FE6292246C826BCB07DAAB1,0,0
1A971F186FFD45DAFC3E2B88BD53BB169998810A,138575872,0
1B573B1C349958B4D3A66F873352AC93F3576CDF,0,0
1BF5AE872FC7F5E634D029AD71C2D83E0CC651C9,0,0
1BFA05830F2DFA11D8AAFBDE4CA9A35F371BEA74,0,0
1C5CC46F8171131331F3CEE780A9A54BDA9A2EBC,0,0
1CFBECDBCECD4486689CF5CB76A6EF5E309DF693,196608,1803394
1D03E1E0368C0F5B8E1D62D237CB8BF9F9D5F4AD,0,0
1D0904B58C9DE00D9B5620A977B0B3C5EA2B069A,0,0
1D43E53460CE818C03597A289A92A0FBD0B27B58,1284532,0
1EEF00BD47B4EE28D31DE2A4026F9D666FFC2A03,0,0
1F020F055228902B8773AF3317A2248D4B5E402D,0,0
1F0635B7E7DE91ED67AB70E60B92F991C6F8FBD2,0,0
1F91478A8364FC32FBB141083E1AC329753EC4AE,0,0
1FA8DDFA229CC195D91893FA422CABA29960B9C1,0,0
203EBAD2391CF819DD8B0253901E18DFADB3DA46,45952927149,0
2082DD2E3EA13761CEFF67B298172AC1C7657F30,0,0
20C0E26417EAA44B0165160C8E6586ADA9FD767F,0,0
20D3D5D5E7A84F20005721A6ED7F8E2FE4A5A5B7,0,0
214E3EF5023754348DF3DB05D5A3055707764468,0,0
216975DF4FAD2A5AA19FFA347E6CC88CB3D9976B,0,0
2202B0583BDA2F2289274EFF02542A30EA9B31C2,730202112,22300405235
2221DBA3066A4ECBBF5B16C9467D60C7F38719A4,0,0
225DE19CA2919B08340B9708D5FB81C14AA455E1,0,0
226734141F4F76D0C2027D583D3EA1A5DF337DCB,0,0
22F2B79B27FFAD8CE0DDF2279E5FBB11B86038F5,320699219,7811523691
22FCBB02FAB45C1EB90F82747F0CC94669E7BF7B,21364736,0
230E732AD01C8750B75DB00CC00CB3D4A8BD98AE,0,0
23258EC7567F58E7AE4A3925DF042EB209E7F54A,0,0
238230D663878696A7390AE5DDA033C598F337A8,0,0
23E70D25E0FBB7A77D9D5FC9B4D927560BFBFE94,0,0
23F43A3F178DAE507590DA00595D22F41B660711,0,0
23F9B635CAAE287D04AB2AE629B261897A08F9CD,0,0
241CC7EB4DB16FE08DAE0D344EF0643F0EC67A7E,7704070712,0
268072ADA27F012CC20E482AD6C8744DAF545C06,0,0
2697DBF5FF44C65FEB50850D5DF9AA75ADB8CEB3,0,0
277F00A087D813897331820BAC59F62834B24E9B,141989356,0
2827461D54484F5A2A03D00C89DCA705E61EF9EF,0,0
284C562F7DA1F89216576CCDADBFB6DB49671A41,0,0
28DF63C4282329B587B70B512D9BBEAEC74CE105,0,0
29F138919CB0CC20D111EE96C9DC0DCA1282B5F4,3238024176,19805337071
2A566998DA58976FA39BA4E85510BFB81D08C46B,0,0
2A7054791D98C5803788FDBD73EC35D353442217,0,0
2AAA27A0A7DBA8B3FA977BE19CE69C26EF51FA9F,0,0
2AE8508CE400E2FB743EF9C1C8A7AC010C957167,0,0
2B44A8A0EB94E1B310D0117C866489C0ACDDE1C5,0,0
2B4D119784B3DE714001D6614540A1DFEC4A6443,0,0
2B4DC52775AD1A4DB5FEA628DB97339ECD9F3479,0,0
2B88EE87DB86A8D4D776D29E336A507FD9E1FC43,0,29602135
2BAAD88FEE68F7EEAA26BFEBBC2E40D117FBA79C,0,0
2BBFAEC6949275D08959F1811F29C37AE3505DF1,1073876407,14299434385
2C18D18CDF861BB028C7CB5CA30AB004E976BCAC,0,0
2C6C5CCE3748319916E4855F0BEE29A812A9772F,0,0
2C7CD5E4495B57622ED710AB66452AC366DB9450,0,0
2C8129B7B7AC46551F14E7FE84271E58681CE596,0,0
2CA3E851C0088C5E2A82E8F2D16D6FB9F741CAFC,0,0
2D392C04347ACCF9A0B7422A056E882865C21059,135260,0
2D51BDDD8026A861AD7B7C2B6FF0D072AC813474,0,0
2D59FC0616F8F5FB7E68A15906993E763BE3A24A,0,0
2D84D296B74B854A22027FB92F173EC135A31B68,0,0
2E375D3E734BCF248856365948E9E3AD039B87E6,0,0
2E857A60BE03E43E29A2D5C04BEAD8245DDD8A49,0,0
2E877B31E553A0F2036085592E3E66986E436679,0,0
2E8EF28AEB50856F504FBC0F274C0AC6DB6B16BA,4287504,0
2EEB29CD605CEF79D489FB70DDDF348DBC86C45D,0,0
2F7C9CFF1CEE012481DE40F5D26639187687B2B0,0,0
2FD0989B9ECBC080DD3DA569D66392E50E48A4D0,0,0
2FDC3DEA8D8EC38DC8D8B9F4E84CC5BAECDBD13F,0,0
304B6FBA5FCBE002252709DADBA1DC678ED499FB,37861655869,0
306C483AEB4360BD3BFF2D31E2C06D809DCEEA4F,0,0
308848FDA4FEC448B7D651D0D5788BAEBB3C6121,0,0
30D9503A832F814B4131A2E5D4744A2EEFCD3E8C,0,0
3110C3B1E06F34EFDF2A494FD2D8FA47918CF611,0,0
317EDE26D14DB4A1A1D2601223CC1A87790F672A,0,0
329D5224FA2374BA189A74BD8BE67503556569AC,0,0
32FFE5430072F04E1B0CE05E95BB268EC4BD75A2,0,0
3319BA71200CA128FE5C1CF50375EBAE0EB90086,0,0
334B6955908EE8F1537549B50DADC447384A2FAA,0,0
3360C6E48AFB407C0B965817AB0D454AB80BB99A,6630609230,0
33AD4E8BC7AA6093376D255EE114F785C0A9F198,0,0
3415B5DA101F3719A944BE9F0349C566DFC0C4D5,2774568670,0
342FFB84A404776CE67CC71C40F4700980BCC9F6,0,0
34344C5F61127C0F612FB8289E016BB126A93EDB,0,0
354A2C06B86C55AA7693B5D5367B98F035CAA5CC,0,0
35A313088D43DE29EF0BCFE62C66BD9AEDE2D006,0,1726965953
3625C7C35C6F377DAE2B52BED1D03D8F653F685B,16384,1225063
367D729CD9DAFF5D9AF8221E263CC28DD2CD2106,0,0
36B4036870FC32DE632AA6E5992E488E1575E73E,582903298,8205568212
3706243DB7B4E69505A7041CC8CAEE430B726A25,30879355,35853757
3749C99E3598EF4BE921081F0AAB7345084B3251,0,0
378684F8C635DB253D2CD42B31C0AAC3AED2C58E,0,0
37DE1EB498ED3F75D965421F3CCE5638048EBF42,0,0
37FBC1AE7B2EDD15D59B8965B73B19F8E1EF44A0,0,0
380880FFCC79635B74EED9B473882D4BD6343DD5,0,0
382FED15D916D11ADD1CE54E5D735D7B7D5DE1E2,0,0
3842DB81603A65E4483DA03A51E8B7C3CA435200,0,0
384B61D83713CD91DD043B70F5949AB07AD593DF,0,0
38617F4CA29B2C835F48E3669C99EB2A1EAA7D67,0,0
393396797BE9640C9F9D2E9DFE94D7D3BF051A7E,18652797,0
3AE25D74A0206F1CE99FE90F6E3D422BB8B8B82A,160415744,2615818045
3B4513B621918263D7D9A94A75AF211196C3CCD8,0,0
3B5A6A2C1E8FD40B6B796F26B7DA43B664A3FF77,0,0
3B7071EE19B0EC619BF67F9083889E3AA5670B34,0,0
3B779212400191A69849EC8EC4E0D13CE9938AF0,0,0
3BE897A2EF161586C0CEBBF77B44502C256C54FE,0,0
3C14694673641F5852A867D54A358C7E2E8DB823,3171849796,0
3CAB7BC50EDF49D3A93FDAD263F45E96B3D7D7F5,0,0
3CB1DB2572A7997F4B8BAE9ABB08DBC199F2C945,0,0
3CBA9F03FD7E8BA3D2E7DA9583E7439F27E93DF7,0,0
3CF2B5452350828F017AF3514923511AFE865363,0,0
3CF40634CB2FAE996B18576F404F775628CDC6CF,0,0
3D31E8A9D8D39E6310E69245F6640151AACADE2C,416448720,118335228
3D32655CD82512CC602991CC6F679A802423B0DE,5264839232,1005333265
3D3DFD0AF4E8CEEDC501E096DDB5586A6F5A9F43,0,0
3D6ECFA19CEA9595A4DF46F2ADB315B86FCEC299,0,0
3DA89532219599D5A4F56C9F2D5986046A43EBF4,0,0
3DCFBC13ABC3BA2C5EFF195F33EF2B11FC0A9B83,0,0
3DE3B3E1C552F68ACB58D991316D2251CCE102F0,0,0
3DFEE7AEFD0E143AF96916EA2E87276BF46982F9,0,0
3E56631165034247233D403F7FB4865FDF6AB9E5,0,0
3F633B86E0A37FFADBC53101BB60091904DD3A2F,0,0
3FD23EA547B62B7C7EB815385A9C0D546C6D82C7,0,0
408FEA996A5D38F3A761315B296871540A1C40BD,0,0
40BA215BD1D9272FE11054F26B33B36EB4729D20,0,0
40EFECB80C6FFA9741E0D3C9EABBFF70B5C0D2FE,0,0
41CCE95EF94C21C5B77AF4F38C154B1F402B95FB,0,0
41DD9BD41833FE48B2CA671057A0687390184946,0,0
42875EA1D2DCE603538032999551FEEC3480310B,98467840,79048265
42AA69230468E005DD3A8134C099BCEB8274D87E,0,0
42B8972A9F9D91C1D773700EE07BC053E57ACB08,0,0
42C5C4C6DE9867C95DF60D908177EC642D3A3CC0,9994240,0
432D534BD707A4E11F806940288D84EAE53FB5A8,0,0
433608BAA17BBFC43051C0542DA959DBC1CFBA3B,0,0
43A7A3A49BDE349377F8B779F9DC44694E642F65,0,0
43AF9EB1C2829DB9029B5144F9382E2A83CC2105,0,0
43D5FBDB4DB217034E81FB90D22E45788A56006D,0,0
4434716F9D68FE5C4C53AA89A6EAC1807B5CE47F,0,0
446094D5D69199155C15F208B5E8D8B0343F496E,0,0
44C874D74D4BA3FCCAF62BFB1C3AB335E38F42D9,109975,0
44DF8D8C0ACCABB0C916C51833C33ED6CDB34AF1,0,0
45471DF5535F52828DD782AB22F52EA85B7190E0,0,0
454DB9F6064F18D3EFB3FCBE340F38FF0C13348A,0,0
4612B65CE2C3E14DF54092CBD0021D30336EA778,0,0
4664679329C1A7CC603A83A1C77C9F970F1C1C5A,0,0
468C0EBBBDE3004005E50F7AF17BEDCE3F25CFC9,0,0
469C6B30B6FD481022B4468449A0683D5AEF50F4,0,0
46B74B0313E9DECB6604015E86340F05ACDCA88F,580155122575,1356225868
46BF9DF9D5E8609255629B652572B69FF8884D9D,0,0
473DA925FFDD800F03679E90DA5DD0C04AD22620,0,0
488E23C28845A16539C0176D8766E86C62B2A866,0,0
493203D2488B6A42769CE2E6CE251EDDD3CB84BE,0,0
498C5A9DD6F8F0F5DDCD2076105787C26F47433D,0,0
4A5BCCBFC1C786C65F01AE8778D32610FD91F302,473481216,42126799807
4B2496D9A326003621B134E38E24AC369DC8518A,0,0
4B4A155057DAC0F1AC32DC9D8957EBD2158E62D2,0,0
4B77B1840C08A12A1D8C1E50A98D9D11D6BBC0D9,0,0
4B80148AD01CE6A7AADDBDC5D3E46F76DB58D773,0,0
4C03E9C261AA4F45BDB04AE1D9399653572316D1,0,0
4C22FC2858422774FA27E4DE07226ADAE548EAEB,0,0
4C70F0A95DF481357FE97B615762471041261D03,0,0
4CE8F49BA962541538D70658D21C861981D4F814,0,0
4CFFE0E9EACBF907B56CDF23DBED343454D0C5DA,580379980,0
4D33557E46D9E4C31CA6896588653B15286B9ED8,7603503932,0
4D6BD36121CD8AA9F43FB9CFCBDE722CD76D4F1E,7563626372,11282891473
4D800CAB9D2E32E2516B55A773A1401377DA96EC,0,0
4DA693382225898F9B7098884E144DAA45C1940F,0,0
4DFADF42203A660C4D23D0884693FEF3343EAABD,0,0
4E2A5837ED192EE77E5C0E65D41E7A596E6339E7,0,0
4E4D030DD6E8A263F85DB49C51FE7F54EF14A88D,0,0
4ED253D686EAE9479A524ED5B9914EA0E33C18EF,0,0
4ED53B73A648F4B7683B351606419B75D84255F6,0,0
4EF6776ADA126EB1C1D11F29DC98154CAAEEB095,0,0
4FA130C6AA6542766AD1440B110243018566B269,0,0
502A58B6C6838BA8B03EC00C7E8493557FE8BE1D,262144,0
506CF550FE970281B604EC36615CF3DC472F500D,0,0
506D2F5447B0A74AB8A5A8B8BA20E3E5E450F50C,523490051,0
508615FFB3C4482F4E69E9E6CB6AD0E872BC2460,46146973,608966001
5087B46D1A22D3163C5EF3DC585F0161F9C84770,0,3765951068
509C014BD114B0B109BFDD9D33D8473D2A95CD1F,0,0
511B6A18BA070AEC57B8F87D20B7C3405C2B8FF5,0,0
5133C0AE3C4BC970E278B28E164879745D81E048,0,0
516F5559D7218733641F387DFECED4FFBD898160,0,0
517A4689AA10640E1C62AB60D82DD5719B386F5C,131072,0
51D6C85D455539C0A7FF2BE399405CD71139661E,2490368,0
5213C015C10F1E9F0F96B5C78118CBCBEA248025,0,0
521A4F2883E0EC315C0ACE6E575839E7F7F4F0B3,0,0
5262042D0246B395372B4ED6DD913EB58ED70FCF,144886694729,0
52C1D4C6BFD0069740C8A51BD239ED1DD530C72E,0,0
53646ED5448002C6A0615EDF4440BE1F3B243C9E,0,0
5388DD27B6DE5EBD6412FFAEF72029F02BF5C2FA,0,0
5399526522C658796BE9828E5E04CBDAB0D31153,33579477,0
53CA9F6BE939B407F13478026F3EE5BD7A2EE61A,0,0
545416F82CC45BE00004AAFCC9B22A22AC5F8A3B,0,0
54B901167108AE32F8FA00AEEAAC2D1C7CA52C96,0,0
5517888EE054B9140AF4B2F9B14CAF4A11C7F09B,0,0
551F65057667FF3F7368FC84F29151D80E0CE737,0,0
553D924DEC5AC2A1FFD0E21AD8AECA3D82E6A87E,0,0
5597C5A6FEA5330408806EA6374BE0AE9D05A3CD,17954896328,0
562048569FEF11F765B78D05147DBD75ACDF9C30,0,0
564EC66AC59E18EEA4D30B38BDB1AA0266950EAC,0,0
56A230C33D454E3E2CD6EA2B125B2FC664EE186A,0,0
56C5AA8FF0EFC0991DC4DFFBFEE57D1CEE79BA79,0,0
576CE7535AB755E8D8D24998C1477DC18D7AF58F,0,0
57C0534300E8E0DE9E826FEAF54FA8F2DD366757,0,0
58A3234A8F5C75497F35628E38D0326C6EBD1C48,2326528,0
596A36C08B11CB5D29E6DC5D20A01FBD5CE4148B,0,0
59C72BB116E93F08A95B346E4BE16C55D36BF736,0,0
5A3FA747CCEBA460384911061F1DA315C4976B53,2435040686,18718478748
5AC84EFF8FEA27CE79831C81E785FC1A2DE396E6,0,0
5AFCF0DAA28697408746582177E143FDDFD360E4,0,0
5B0AD603017E53C624FDA923622961127314254A,0,0
5B67351A8C280E2C660149D69F637EF29FAB1629,0,0
5B9A3EFDF8941AF860801D39C68ACC2B63EA059E,0,0
5BFC07C270D1D79C18DC62A98F6126388494BDFB,0,0
5CCD235A0A50512A1409AA357FAFBA41BA625E1D,0,0
5CFA3A98EDA2B11D14CA290C005A96A279BBE74B,0,0
5D091999D609809F2FF58CAF4FBF468085FCBB24,0,0
5D11E0DEFD0B20C9DBD7E1EF3041E25ABA4CAC1F,0,0
5D174802D900A7C76587ABF2AD4B5C6010EC394B,0,0
5D1A0082F664648A07A0E1B9975F3415491501B2,0,0
5D1D805E30C3C0CC3C99941332A5709D2ECD6C24,0,0
5D391C73F71BBD385A1A95EA0866992731C7B95A,0,0
5D64392BA5BB16E071A755E61F3B333698689695,0,0
5D8117EC900C1B90C6C90E9458AB699D08F287B0,0,0
5D898A4ADCCBD4D2F71C121C9B2BD2F78799D41F,0,0
5D9E361FE18A479897EF89BF6D02A18F6C2EC675,0,0
5DAB6B6DC018E8A39CEB42EAA75EC3F189A65B37,0,0
5DDE9A4C0390623AE7049F29875A619C1C3A0D86,0,0
5E4348585AB37EC23BE569077728192021C14B6C,0,0
5E80B6B313AFF4C3B8984A3D6A328D2238A32D1B,0,0
5E8160EB6E4F3546F950CD07EC3B198689DEC23B,0,0
5E9FCAF6B70C7224DFA39BB4B5EDE14ADB1C4406,0,0
5F0440870BC773CC9AB575C5D0960EAE613C66B5,1064709001,9473239919
5F9134E1C90EB85790F1922AEA1308A2936F96C9,0,0
5FA3DAA18462BF02FEED7C85592987AB15F43198,0,0
6053CCD57A5912C7FC372550050D2123E7874082,0,0
60F540A77E1D606888BEEA9555BFFBB870390712,0,0
61871BDF7C179CF13145D678D1D596681FCFA87A,0,0
61F797FFFC6DB3E87E1D1399C97DB11B8BE37CCC,134392955,0
6257772AE05DF431B0E9D5B8590A54B78AF1BE77,538038907,0
625DFC512B7E96946818C2A24CB5E7861DF717AD,0,0
6294821B5ABE17B8F22CDF7142BECEAF3661B470,0,0
634EDFE274E86FD851CB03010101842DE70297E2,0,0
63BF515C68BCBC92D61978CEF35B08F65E94F484,738409491,0
63C970B9638088AEDED266607E1484F195F360D6,0,0
63DCF821B9DFA013F5E4263D80C4B850D33B4E72,0,0
6445F1FADAB669242C06122E441393D3C1322769,0,0
649924105DF48A86F3423C9144B4870AEF1D6226,0,0
64D0BF6C5CD40AAFDB1582638F0F8DF7F03B7E5B,79233024,0
657B29243A90AD083586FD6228D3450790723D40,0,0
65E1554FF65F4A968C82F3693176D5BB9E580A78,0,0
65F679BC95DAA12B228F39E226FE81CE4D56C5A7,0,0
661908CDBACE5C98259D21C2144253231D6CD7E4,4800512,0
66AB7B13F9DBAC95255F08F94070E958F7E445CC,0,0
6722F197A208641FA33B6EEF86A63B5ADE02EDC5,9486823,11125223
6725007A70D843CB70BAC2FB12D917625D2A0D89,0,0
683007D479EEB6F370644DEBB57256448A42EADD,12951603,0
68348B4BF0F4CBAA2B854EBD7F46FB89751DF19F,1146880,5889828
6866320224089D81A745063C7DEC131219EFCF6D,0,0
689E4C623DF1F2C853EBA44AA910C851671F9E09,0,0
69415BBE4F71C9AFCD12B24DFB15787ED08F4C90,0,0
695147ED515A58C1CC5510EFA2332A4728582A5F,0,0
696368B6917615198BC07A1A8902031DF6EDD5A5,114688,0
69868EFEF15B667AF296CF2A7C7C6154601BD136,0,0
6A47B4C31BBB03D0BEFEBD77CC6F6DAEDDC10CBF,0,0
6A4D2DF92A80A98C84C8E7FD1909863FE76184EF,0,0
6AD2F055D707C1865950A77A54CF74D44F5613BE,8601600,0
6BB44CF8F35981541DFC6F4EBE968766F38AACA7,801161860805,0
6C05FEC61ED021542E6A2043365A6C7C2A137B19,0,0
6C740862124E019F68DD791AD1B80CA2339CAEBF,0,0
6CC8B144AA264C2146F5F8C69CB64BDE8BF6A341,0,0
6CDF320310DD859F25E63729E31A8E81F60AF561,0,0
6DEAAF24858FC18A2C48D54288DFB4BFA6093581,5531824,0
6E08CF477A525A32C52F8F3A8AEE103257F1E0DE,0,0
6EECFDB6F0732AD306DA01390E0554C6020608E8,0,0
6F4CABEE1852B4C64727A2ED8D6B58515B710109,0,0
70125CF21971751635BE7089EB02C6C456D3855E,0,0
701722299119AEC67E7BB3264D18BB9E48ABEA54,0,0
705039B78EF3BAB612CCE22E62286C69BBACF203,0,0
708B8AB87AEAEB9AB0BE12F2A55A23B1BD0A4EE2,0,0
709388B761DA21E72DE7713A9E1499AC27919045,0,0
70D2294979800578316F3F51647B9C72FD78FD0B,0,0
70D3B1656CD6485977054CD7FB08E39CB85B5099,108806144,0
70E007C6DCC5A0786B50F2BB23B03DEBD65B6899,0,0
71BC572DF04D9AFEA4D40F1CA919EBC9E631EA07,0,0
71EB693C53A17C88C37C8BD66E47F331E20BFA38,0,0
7243488954C1F2D90662C36E2434CC595CB9829A,0,0
734A6DCABDFCB761B2D87B8E1FB93B397162FFBA,0,0
73D901A2C57C741E756329318A6047884FF887BB,0,0
73DBEC8242A8210BB8F1E6598BD833AD68CA6C39,0,0
740533760E132779F258C0335993E2D9FB8260C6,0,0
741404B7F51A5CC712129B7B2F1B10D0E46669FD,0,0
74DF21C746CF12A071828E7C35BBCC92742A478C,197907366,0
74FC19086B2AFF51763C5C1129CD75FA780B42E6,0,0
753924A07EFC1AEF07A63BBEFC9ED3E091A08D5B,0,0
7546254BF02145C30EBF68E5B9C74F726942884E,0,0
757919CE0977ED15AC4173D3B7F19DB6A3BF31EB,1617570367109,7754072253
75AD6CFCD9A946A3C8A310137E03D8FB7FCC675E,0,0
761A5C659AE31C0B2982F3849A4D71F1B18B3282,0,0
761C4C8FA96F59CD4B903E4CE1B9631667D42D16,38780928,0
7631C38EDF8896F33F9CD8D657097C619693B6AF,0,0
7638DDA3CAB7178AD885A72B92FFEF433833976D,6733824,0
76511E4AA836EA7E69735F7B40ED2B56EC95A300,0,0
76ACF901E5CA56DA680BA80129F8E18392FC0E88,0,0
76E6502E29A1B772F2E66D0E6DE8350A7F035BE0,15301589892,1768995534
77451F82F9CB289C596D7477ABAB10256FD09101,0,0
7757F89F8B9FEF17EE8AFFC364DA698A8406F93B,6745273037,4790990761
77725FFE9A2FCA73CA7AC6FB1B9EA477511F9D42,0,0
79286598388B8E82CE0C4551E64C69A7B7C65616,0,0
796DA645220E0DD5F73C303234E3D732B6D9B888,300367200,0
799C925EAA9743FABF83D7CCC8ADF041138E115D,0,0
79CC426C28537D94A78963450FA3B9316B76AA01,0,0
79DA171417E757699D4F06B6CDD636BABCBBF34C,0,0
7A01648879AFFD5FACD4945E832A7A65873EB72C,1191133,4336861
7A8EF8F94DABFE2076A4EB251383250C1F321FFD,412173082,0
7B360766BA9B249FD536FCCDC024F6F3D0BC0CD4,0,0
7B49B9D42AD3E716126A3A4807574024316BFD3C,0,0
7BCA70D9D84F4FD1E98909F6458F05C0AF961EAD,0,0
7C65ED3C92F83BAE1A41D92A40E23D31376C25A2,0,0
7C6ABABFD888BE2DDB600824958363A9DB327123,0,0
7CD11B19060F2504479A050F6973AF624088EABE,0,0
7CF9C7D5983D23CBE96F364C2D107315F9E5746C,0,0
7E5C268742004D2D5838E9C188F8B904F67EADAC,0,0
7E8432FB96FC3F8AA21157BA752DA84B0C8B72E6,0,0
7EF727393317C24C20F98C923E32E393ADD49AA5,0,0
7F0786B24A8B8EE64FAF5FEF98BB0FC12A7B2550,11053503,130629862
7F25CEDFB9F8114DBE67DECDA40EBD2C695171E3,0,0
7F76315DA37FBAFD5C7AF8D774ED0BF47F6D6FD6,0,0
7FF0B788E79E2E46F4DB62427C7380AB67D29AF5,0,0
800E0A4EAAD5F98D1212F1A39963E65EA54B2DEA,0,0
805D6EB25EA0AB4393A14D157456C1EE36860E4B,0,0
80B12E42BFD8AF20C9F7B9E75255B22DD4F23537,0,0
80FB23B732C8A1F648F3F76812B14F853DFFFC65,0,0
8109F94BA67B46A7C63FFD39C6D8BC3456D49341,3538944,0
810F0221DC70D4D79C539B0C254755F8F5DF81D4,0,0
8122095D665C44517FD8F11093C7D885903185DB,0,0
81AAA2A837A03AB3936FF88D066B1564B0698018,5534244864,0
81CC7CF661B1EE76F2D5D8AE98AC35FF075EC3DB,0,0
81DFFCE83F46E61EC9576F6F83F57D604D164EEF,0,0
81E68081D6156322239B32D023754FAD876EDFE4,327680,0
82CF1A77B477A57036DD5EE8419E982689A92CA7,0,0
839A0381E1E634B1163523B99A7A802867CDA2A3,0,0
83B19EC9A25C721D1546FD3B1876AAA65596748D,0,0
840B39A191F08820B9A8E3995689C52AFECAE548,0,0
844DF900C93FDCAD4BBA6BBFB939AEF10C01D19F,0,0
8483DDC4357112E563DE544C20A799E99A8A4F96,0,0
85109A36E96BE71E0663436D1BEB8474ABF86E77,704512,12508488
8518C551226721658804503EA37113CBE4A25DEE,0,0
8543D37350A4EA3AFBF1022BDEE76D92222F9D1E,0,0
85CDE9EFD69747BE3AFA9EFFC8A8B7D1CE7C81D0,0,0
860A7218610FA88CE0F26D78E65201E92C50111E,0,0
86621C0AA85FE9C0258B478BC8E3AA9B2F5E2331,0,0
8688C1B01BA08581FD224695E7CD19ABB79C15BB,0,0
8696FD34E76B30939DD95E524ED7E3E93CC671BD,99368960,332765383
86A96480A654C397E169B3E37F12D9B5580D10D2,0,0
86AB2BA4B78644A00F052FD1D9BC746A02D09EC2,0,0
86D68C9F70AC755BBAF2915F13303D3A8786F20E,0,0
86E083CC6136DCE6776033F18E6810F068E315B3,0,0
8748FD98182FDC1893238C9C699F1C093EB22A48,2772799248,0
88244C9DAC165803DB61FE994AB0232D1590D8D5,0,0
882935BE19FA7562F5D5246418D0478D8DF7CB4D,0,0
88477360AA8A983EFBDE8D3FBE35BCCC8983A290,0,0
885C6F572A33B4A8761EEBD93B9EE1533C617A0B,0,0
88811EFD256C16959EA4C19B6E3228BE99E524F9,0,4738522465
88D5947A3886FC219BA1E0B84959D3655587ED4B,0,0
897377BA40D4DB1BD53A314E4B1F644EA86DE488,0,0
89DC3B1A984A2FA424C6EECCA32DD2394B0F21F8,0,0
8A00BD11301838733AA2902F919CC3E4FAB8CFC2,0,0
8A45740AD31CE701C7CC72BE75060E937B09FE03,0,0
8A52588C18673332508C70B44BB1736233D7C3EA,0,0
8ABB94BCE1D0A4988377FD25FD000DCC967CE731,0,0
8AFABEA55D1E3EDDB17C079852B4ACF28514CA15,0,0
8B5C1AF09A4632DD1966C493D76865943F2268C0,0,0
8BE03679E57E51575CED9D7E68A7007228BD1BEB,0,0
8BF002F540231FFB5FFCEFAACB140CB0D994F7F7,0,0
8C4856C7F2D9A7A8941D30E6BE3AA3EB74CE7EC8,0,0
8CCD1AF736CDAA2C99967109EC9C6481E7562657,0,0
8CF12C8E9AF53801A90C50F89293FC78419D7A9B,0,0
8D6CFC39351088B0D8E36893C3A1CF41F49B73F5,0,0
8D7584013E789976FF1517E212D591540DB1840C,0,0
8DADCDD6DA32A3697009E0370CE9CA05945D0A60,0,0
8E1ACB863FFBF117C2FE6203464ECAD597E8FD6D,0,0
8E6D6B03C64A36016A4EB0971D90DC7249D5A380,0,0
8EA610DC7D7CA4273174C219C9C79F29C328C4CC,0,0
8EBC7547130603D1A4C7DF827DF1E79C6ABCF331,0,0
8EFAE5AE8B3F1F25A0A2E78B492E1E03791C1FBF,0,0
8F5C4FD55834278D474A55A25351C2ADE5F2D0A3,0,0
8FE30B6468941277ABDACFB847067CC38D17EEAB,0,0
8FED569D4E19DD85A9E5A36791447962F9C0D8AF,0,0
90EB8C36265EA1BE2472F9AA55A939EBA33F7E0B,0,0
91082ED9DAD38619BDCD5F9DB01142FA9F651C68,0,0
912E40A18ED4C14E2A25AEB188EB155A78F4B7A9,0,0
91C070B08D8C7BE1EA070979CBE5A3978A8A4348,344064,1022844
91DA2AA10BCD379AB29105ADCD16D4F666651DFC,0,0
92CABE1F8B3A09FCA44561B639AD6039163A4E53,5801542618,0
93058A66679AEC64D602FD7FC4C2B7249FEA637B,169875,0
934F453EE09B9685F6417F6ACFE777C160AFA639,255940275,0
9351DF3B668D29E721E66E9D3D6CDB3DFFF3411F,0,480652
937E8C90CFFBE1A0BA201312F908A1933191D2A7,0,0
93C5D5D9B7FF91B2BCFBD1521BE5CFD481833D9B,0,0
93EA4BDCF30D2C80E9DB5FA9185F05CD0C00AE0E,0,0
9427F90E4267BCC34AC8EFC94DAF3076224456FD,0,0
947596B81C11A58C8E67F860952D6721DD5F0059,491520,7219222
94B7AFAF06D0810F956AD79D2A284609E11CF8BB,0,0
94EE2C8D283B09E0FB405661C3718B98211BD8A8,0,0
956E197FC438E7A2390331110AC8D43829A38A59,120422400,0
96168696D1930B1C1EC55D112A4F3FBD151964A5,0,0
963FD15DFC3C33C8ABA06A28221329C1C1A0E9C0,0,0
96EFA1F36C6107BE70147CB6B9E8A7D84AD46544,0,0
9705C743432FB22C10A09D9D21DE2E1A29AE53A6,1785856,0
97123300E256EA71B05EE89BD79878523B6A11A2,18503016,6174086
9717ABD574753691F182A0749D7DF8AA7E5AF56D,0,0
9736C107EFBBD64F2801218E8D6330C8CF2175E4,28866155864,0
973DF783C454AF0B6846AD324A16CB49C1AD5D35,0,0
976324B50309843283E448AC0BC48AFD6F173C5D,0,0
97F2E285392E18DD8E6E339C43B92FABCF215875,0,0
983D7E018726D135D249D07BBDB9218DF56C9A0E,0,0
98AC8017D10307C0D0F7B64D6E59FB76C4FD5B6E,5128706,69698590
9A592B9FFCDC94231515E475AC0A97BF841583E7,0,0
9A62C3971A5B2F0D1349BD57B76709107E809349,0,0
9A7070F308E6013B025A7B243EEDBCC45E404E7B,0,0
9A99D39BA01AAF807B62F07649F7770185CD0A6B,3686400,0
9B26D42E8F305683F546AFDD5A3B57FCFBAB6CE0,0,0
9B3261A20C4B96760B38EAC190F33175D133AFCA,0,0
9C161B1FDFD7F7A466DEDF3F6404C2236DBC31FB,0,0
9D36259DC78DD2001BA3F0A4543C289693395578,2903512200,0
9D755068D6FA752408C7DF14896E7DC6A4FDFD0A,147456,0
9D7E23293D9551D2ECBB939FCFDD59D125329863,0,0
9DA63C672412B492A62F4F4BAC3AD8779E59ACFD,0,0
9DE5659AD603D6A82338F769E6566A21B5D7D082,0,0
9E3DA4C1ACC2BCCE41D5340FC4B5E72961729D98,0,0
9E584EDE9C5C76C881EAEAA10FD7DE22FBE31962,0,0
9F8583A4409EF4387054F7C9FF2C407A59E3AA0C,0,0
9FA9AC6F3C6A0E59EC3507D7EF3BF288970224D2,0,0
A00ECDF3BFAC502225096722712E8248E6CBAE42,0,0
A024472D6D0BE047651E9A289A3DB8853FF87D5A,39845888,0
A0E3AA4A650EB96D8AEDD90FAAD68986EB9FBB52,0,0
A1880987D13D9EB561A45534DB973EA6108F7958,0,0
A1DAF43FB0029147DCF201F49906ED7000679E87,0,0
A1E8713A680C7AA37015988214B31E0C2344CA40,0,0
A21F32AA6FF6B626C2332943757A4FDEC1317776,0,0
A286B62FA7CA588435D3AADD33948C252EA329B0,0,0
A3019880CA9E9BE8AA2920DED5C0D4A6620E50BA,0,0
A339CE6F2038B57ED8D8000521B6BE32AB321776,0,0
A37283EC00F423735FF6553390394229F8FFD6B3,0,0
A3C21F2AB49DA777A4FFC4FD2A5CFFE75C5CF390,0,0
A3F48C9533D992C3C30C53ACA9E597E3EF73C740,0,0
A433C9C0C0F2DA6D4A1C8115EFFEBEB7CC31D509,0,0
A43D2431D0982619972094EC440C467863915EFF,0,0
A44D94517A11838140A22EEFC93E3F88AB5CE70D,0,0
A477B673191A8627850404E1DF88200B7BC7AACA,0,0
A48F2B33C7161C0939F457DBB4F09A9B426C80B7,0,0
A510B5E52AD3D155D6BD6DBC105C742C66D76714,0,0
A57C8D8445D4E2785EB1ED4E41391A58A035CD18,0,0
A6F8C8BB11B5FD582F1A55AC7A2195C1716BFBEC,0,0
A7545C78ACF7281B11AA8C9425917836049316CC,0,0
A76810505DD233E54262B955C2C4C00530997019,0,0
A76BF8FD0CA905F8A2F4A2EA414E69418D405E57,0,0
A7BD0D18D17DF92DF48728ACB7C7B09FA268D962,0,0
A823D7711B3D0B3DA7BE3E0719D74FE347F30818,0,0
A82466F849418A06D396B418DF311A09103F0CAC,0,0
A86C18C742C471F9919635F4A8B030FD81D21037,0,0
A8781F02AD9A639342BC223B9D9B40F3BBE7DA60,0,0
A91620151AC92FC406C1A5A37C6A5A1A55578FA6,0,0
A9A7A1EEA33F86D31E9678C16863DB3B99976725,3966171454,7328690612
A9A9FF42FE5B4525705BEC33D8706B9B711E17C2,0,0
A9BDB390A12F821FAA51125B4F1C1FD8C5139744,0,0
AA4079F5E57757D72718FBBE6E6050F87F1A6B8A,0,0
AB2A3F24A4A32FFD46B02C3F9B1B68E967DB668B,0,0
ABE5516A5C53FBAC7A4F144AA6123A128680E36A,0,0
AC4FD196BE32EB88A64EA2BB332E62C878F3F0B0,28330264,0
AC529E5CB81D6CA8049CD3CDE949BA594ADF907B,0,0
ACBE6D747F6D15A22CF6698E9D13DD5403619D51,0,0
ACE695468B27A34E334F2D1C6DA6A5B2FCAF1BB4,4368938722,7048089087
AD5A8DD7CA84ABC378B0FBDD936BDD4C4F17728E,0,0
ADDBDE255A4C1CA21BE6187E8685484CE127E18B,0,0
AE7B1FBA75FB00EBA8325DE108BBE8F350FC788E,802816,0
AEB42D973C1B44535A7DE84926405764BE38EBC1,0,0
AFEFD12CB1733D6F3DDC26A91793960CD0DFC1D6,199195911,0
AFF49BFB90A1AD8EC1F173F42998E32F2DC5C586,0,0
AFFD87661F48707EAC90E732AF3F143D2C3D888F,1252949140,477562832
B0207CB8F033BD14F1D2F7E3CD92912A311A3074,0,0
B0A34B985F9DF1D257A198B6544609F9FF03A1BE,0,0
B0B9DA52E906F5F901D38382956BACFF124E69FD,2525678802,0
B0C8B05B000C3B9054756AE62038B989290300CA,0,0
B0FE7B4CA1BE25B1F4FDC29B4D1ACA9D6041911F,0,0
B162655C2A90FC7F44B30E0F59410052152DCB87,10045064554,1836814930
B1B4371B91C926181D1690894E5A37A77810D0BA,0,0
B1F28C2A418DFD5C9C6A57271ACF7EEC69D90AB5,0,0
B2072BACCA3EAA6F6AD2047178551CF897E21BAE,0,0
B214A698D517D592E171C4A793B7208D1F7C7DB0,0,1540540925
B226A62F8937216E4793D710771C3A5E04C0DA86,0,0
B24ECBFFCE4B278DE0D6DC0ADA1369250107E790,0,0
B2DB6AF2EF5069ACA3109C5541BF4D0C8B34BB86,0,0
B30285D9C4C8394659CBA65E33F096BE06280F2B,0,0
B3A12A36551BCA4F86071A6EC5905A25625D87BF,64907180885,0
B400B6D3FD5005436BE29FE684A5AEB8462DD408,0,0
B4213ACB06FA620EB21787D5AA375713BE7C8EF9,0,0
B4DC64C8295387E52DBE6EE51C624B6A33774D88,0,0
B511F2B3121EA431AEB902AAC48C7825DCA82E8F,0,0
B54D6EE5CB1A6B98ACD32FE78E5EDA8D1220FC9C,0,0
B55D51AB7D7A6BB0D40513A5A4133A2B06A59A6D,0,0
B6343A0975A6B240BA787DEFC5E142674DF81AC8,0,0
B741B0B543CAE63C291B2B14F6DF98AF515A2ECD,262373376,0
B7E52D6F92C67BB1E7CBD7493AFAA5DCAF5E8D41,0,0
B7F0D8DB3B4AF4282FA34B16A81BB4F0FDE03E45,20441730,0
B81405CBAF753AD2763010801A185826A3E6715D,0,0
B8261C48D48B229A8AB91BB2FB75584D62FBEE32,0,0
B852A35AF4A5254210BC675121F14AB6CFD43CC4,0,0
B894B159E23753BD597504DAFF6D248E1A3C6757,0,0
B8AA419C83F4C8E53846C1DECB4E02A859B871C0,27131904,0
B8D959ADFA18391D983B088C5FFC0883BC18083C,0,0
B8E105829112D542FBFFE9DEEAA1A94D64D51F5A,0,0
B8FBC2DFD015829D9C64CCD295D98437D3C27677,0,0
B900E9C3834A5AF38B75775F79B132AEE87D7C21,0,0
B916E5D5F45192EEF0ADB751140DE323231BBED2,0,0
B97FD1C716D3278FAC8E2330A968330C0FE35A42,0,0
B9D7E4CEC753D658A7457EB258D3C0355B77FC09,0,0
BA15D125A38AE3AEDEB8EA68465BC9A1D5136C02,0,0
BA6A7994BC979D9A46FA937191BDB5E59515ADBB,0,0
BB31384A75F7849BDF94481EA72313F5B36AE1ED,0,0
BBB3C16D85ACBD624D941D04F36B354E6E233165,0,0
BBF16B5B9A31F249EF6619DA37A86F00147A170C,0,0
BBFCE677B3FDAE934EF7D07AEF5AF31438E80357,111034368,0
BC4E0641AB40E5DAD757983735D4678EA8A13DE5,0,0
BCF77AF55C56E889564984D694E5EE621D73B8B1,67213312,51263531
BDA7DCEBF354875956644E8833D8C16CDC5F150F,0,0
BE50DF04B512BE752B3584467445916ED57C299B,0,0
BE70B0393BA9ECAE2BB8AB7AFD6D368523200776,0,6770228538
BEC7DB614F6F3786382C52969CA1A41174E25B41,28772452,0
BF16360B3393E99DE030D0FEA2454CF4EE3762B8,337164766658,0
BFAA42A735BFBD516EE0B4CC0537DBD75F92C15D,0,0
BFC5A7625D0BD87F6DFE03BEB1075E9080FB1C83,0,0
BFDC811D0CDA3A7844C48A1040CDC196AE8D472A,0,0
C043778DA838B614185BBC717B382EC64ACAF142,0,0
C07F842483BF0E206F726696A4D5015EF3C59F01,0,0
C183968055CCD37170550965D75B237EB152C611,15564800,0
C1A9C29BD35E9967C3C5BD1BD36DA028C2D48700,0,0
C1AEEEE930F928698C507BC00FA57A2B9EA0D0EE,0,0
C1AF31B0394810B9EB41A428C2F4D07BA17E9B14,161509595225,0
C27737E074D0FA34F469B9B777A746441C469AA3,0,0
C2B67E2262859C0FE7B5B8861FEDD81B6B2B715D,0,0
C3424EE30D037BD0B0C20C93BC5C3C442D61D4C7,0,0
C406E879E2CCD9BED5E49B00B551515ED31F7DFD,0,0
C42B560B7B218891777BC657899E59D12ED34562,0,0
C4345DDB5285BEB9499955F4E3F1D61645694446,0,0
C4855CF743845B3F7CBEB202769D390C0D6A43C2,0,0
C4951C5D36F15A265697F792C7572E51F1DA6DBE,48250880,0
C4C862BA7D4876680D20277BE34468677952042A,4882432,0
C51200D542D8CB261B3856E388553494693F0D99,0,0
C517B6355B1D606E0DF9A5D1EB1487FC31E999BD,0,0
C65245800FA12E3E8683EFFF0F479F39393ED7CD,0,0
C66A56FFF180E154DD53310AC277335A33818587,0,0
C685A1570483F6C5EB0B4C36031E93435C06FF9F,0,0
C758B1C0C136BC067C2D3D1263D16CDEE0F96A8C,3433291479,13005951020
C77DB262D464C6A8CFCF4D93D491BDA26223A901,0,0
C7B589B95C63D61BA570585285BAC9A3058E1E9E,0,0
C85E90DDD6192DD078DCB80674BB41BED05B3447,0,0
C8A2376D5940562D0031AF8E3C3656C8228D78FC,0,0
C8A808469D93BE46381141F0C315BD1705F7FC99,0,0
C8B791D8E67B0EF6158A92882230066372CCCBE6,0,0
C8D095E95C43F82542CB59E60849AD651B6D4326,0,0
C8F4DC48803DDDA385DBCF3ED5B75A6DA308DB11,0,0
C91C28A791CBCE1E76938ACB54C7A5619D6F8EE1,0,0
CA9AF0573BF0B935D5F447B409E140D54B2C000D,0,0
CACA8ACE10F36949994D750FC7480D26019A0373,0,0
CB37CA9D3AC88C258C03BB07407F27D881C8086B,0,0
CB45B351D4B58482593998ACE960E964BB5638BA,0,0
CB701640236D284F83D0D88DFF769A116F02BC6A,12112704,0
CD49EBA844FF22F3A09ACDC91A525CED4A502291,0,0
CD6F193A6742C05555755C17948904D61D7B9D4E,22867130,44131189
CD9714D86D805A4E6C414FABCC07A91DDB5FE9D9,0,0
CE2A46F5BA9BC9A2C7698FD668134BBEF0192B15,0,0
CEBF9729DFA58ED62F44E9EC28EF8294009C87FE,90664242768,10875335512
CEC6D3868C5E29680C2DF6840AA979F8EE1AF033,0,0
CEDB3BDCC48209000BDABEE009C0B4296E289CF0,0,0
CEFFAB3B3279A997B1A79D8C2430C5D001EEC6F2,0,0
CF55446395C814AB703104CE81D1F56159646FBD,0,0
CF9614D88972387CC542DCC0C1487C4E1B27E966,16154624,0
CFB0C2D35143D42B937A53E71D27E6328DA6095C,4208406992,15844432023
CFB8A30375A2D8F6051885BAD1C1B0CE643F01CD,0,0
CFCC004D800DF9B0C5EAD78A8552BB88D3CB3FFC,0,0
CFEB33EE4C79831E0CC9E67C7D5682344A6A9228,128729088,0
D08F59405C8F9D3578A2C877712AF63824F7C9EE,18186240,0
D0A4B6A0A8C83D83D6A5F863C4A006D67C87AF7B,0,0
D16D86406CD0E0DE6119373C81606098BC358387,2295791616,18891640346
D1CF2D604F0C78DAD23AC0E6A675F6725E946811,3178517801,2171599206
D1E078846B33E3E8DBD32EAA84303CC668EB3F2A,0,0
D263228B8B78082086AD632051B6F6FC62EAC89C,0,0
D28DD312922D0C62FCEF0A93E25FC32E596F8124,369767508,0
D364F6F5C5FB2CD578A1C877E0F5C72512D3DD7F,0,0
D36A7FADDEA380F716C0CF2130E0A6D5FC9CC93C,0,0
D38FDBD6DB2933CD6D12F876CEC38551FAA9CD30,0,0
D46B1D18CBA20024B66909C72F545B4512376FBC,0,0
D4D6C53F6ABE422DC497C917700C779BE7CFA379,5759414,5771483
D4EA95A07D15ADDA1D9BFB6597A2FF2D8D59ADBB,950713547,0
D4ECFA1DBC2741E208BA2C594BEAE707820515C9,0,0
D53221484FF481C8098166139905B88B66E08FAE,0,0
D636428A767A239812C9BEE5F22528A6BE323B18,15916809,0
D67C1E4AB0F5EC6BDD65DCC99774A0FB7944DACA,0,0
D75A6C8BECA146703C58AC9D8EC33768150E0B5E,0,0
D8C9EE034080B212D49185347E85A16BBCF5A35D,0,0
D99E5C08062FCD3C0FC0F01D58277561A0E8A98E,0,0
DA72C26642243D86279E2ABEA13EF4403114AD83,1221795583,935652628
DB97D4363DB1F4646AE77368CB571389686049E1,0,0
DBA546A4FF6C0C37C435E6FCD6576A887B0EA377,0,0
DC05EE4C4179E9FCF50C11D1E44E08BAFBE8EFF5,12261370678,2116500861
DC8080797EA6E8B0EF142BAAE4EE04FC2EAA541A,0,0
DD2FE359BDF376555A2E674B127D59D091547ACF,0,0
DE016D6C372384FA7596759C0521F9097CCDC7E6,0,0
DEAF0E6B575901AFB2971DFBE5AC701D5B3C0AA7,0,0
DEAF74A640A32413F4455B5D69B5519984B40359,0,0
DED3F2149419A55A08F4F3527C7CA3122D1AA510,0,0
DF5A80F852288CB0E8CB646863EFD8B566151A0D,4566052864,0
DF8C7893BBE345D741FACC7C56D60282C19F5425,0,0
DF91F53210CFD2111AD8F53857937FB3727FB8E5,0,0
E0002B9CE4CD4B4ACE85EB768D556FEA61B2D037,0,0
E01DC312466AC39F67A43F41EFF1E1350362C4AE,0,0
E04F211547F6C6F62124BEDF6305608706E9C5C7,0,0
E06B960BEF963C9F0386C6748B76B2303BD0D334,53910837132,0
E08F6E32A75AF4809DE324B63A596BD59E5177D9,0,0
E1000648293E4061D27D20432B6AFD0D0DD46818,1654784,0
E14FF97CDF0162E77805FC186882C41A67D805A9,0,0
E1AC3006E86ADBD2B06A3777916AB3C8DBD373AE,0,0
E24CA90578B3771FA6096933F34BA3AA8D515F75,0,0
E326E20C45F54552D7ED3E343F2D1003FEBB5471,16482304,0
E3318DB84AD138A728BF3BD0F52ABB50005C901D,0,0
E33A147447AE1ECFB9819696802909387F0A9FCF,3041071468,0
E3470F480A36903C5F095E136D278E4803F80D5B,0,0
E40EC4CFDD59A1B0781CF3CF7305384EC4151EF4,0,0
E49F4EFF1EA07DD3CEC7E322253BFF05B7ECA14B,0,0
E4D815DA0E7D15561E86CD70EB92FA13C10EA7DC,0,0
E4E1EB68918312FF5D794074795CD323F0C2DFFC,0,0
E4E506164E5DE16F0D1B96CB7BDC94CAC7ECD7CD,70469898,0
E4F029AB4173C02530F341542CF4BC1533B48BC3,37961728,0
E52B436C89019BA60008571323D915017151EEB1,1507328,0
E5364105ACAE077D166DB78351A0F697EC738C1F,1319592486,0
E5F5920212B375D476F06154E0282B2EE69096F2,131895776,0
E6688D3527AFCD2937AFB6DB5AC52E68A96C4F9B,0,0
E69F06C2CC1CC5A22C53A2DD7A04CAAA9B53C14D,4002633811,0
E6D917AC4B189DD6CB87712412C45D249FFDCAB6,7684096,0
E89CEEBB37776CB646700E429436914627C31603,0,0
E8F99161B6FD9DAB3E710DCCF9460EE23E2452A7,0,0
E94E87FE9AEF3F3C664DA41441EE644E848BD621,0,0
E963971343054D4654E74ADCEE081E4F351694D2,0,0
E99A03CE7E00A8E4B2A1EF7812CED0A42D71E8E3,0,0
E9EA89547E3DEA1DE451410264D6462C3F1E09EB,1038057472,9449267492
E9F92686DA960B1155DDF0217C167A6C275B0FD9,0,0
E9FCE8B13B157116A1A8439915BA92BBCBD8FAAC,0,0
EAC5BB59145D5D94CF9551473D375DFA6CC56965,0,0
EB1522AF67DAEE1B6995BCC41FD6069006EB0631,0,0
EB1B5470488D64BE1FF81409F7F087D39C1B8410,0,0
EB7A2400E9D2EB4E512C73D65966D688A6E85583,0,0
EC1E25EF4E4F0279A2EECA166EBAAEF511FB2AC3,1759545867,6782692228
EC275727443FCB9BFD37948BC7409CB0B6CAF70D,0,0
EC4D48A247388BE2E52D5F16B9402FA51E1B355C,0,0
ED452F5357F685CBDEB7EC55A4698C459626B941,0,0
EE0D15E7C3386EC5F433DA9ECAB8684EEF395F34,0,0
EE32F7BBFD31119EDAC82BE925988E28645F95BD,0,0
EE48C9811FDD605FB041CD872EA0A7BA4209EBB1,2494997,0
EE639FBC969BE7A013E146DA913941E42213A1D6,0,0
EE73C8161088F33546BCFCD190ECB7DFA6EB6D3C,0,0
EF269A8332A0848C8E2B5FAF8CA1CBEB398037E7,0,0
EF3D3C852274FD7EB28AF3560B51C69CE72FCCBB,0,0
EF6E72C7381D690850F911D7E39EE70024F5E059,0,0
F0580A5EAE31082493F53B82E021B6C485F3BB2B,0,0
F07B92D49069C4CAC044C8F8CEEF78F70A926E1B,0,0
F13F7E3D609C3786D03FD278E50A90932C45EA1D,0,0
F16493EB2CF67D2777E817BB5F52901E49388C75,0,0
F16CC265901B5B207C2F5A12A093DE1523C4ED0C,0,0
F1BDFCF1B8F5188EB69A3C90A2411E49686B1F94,557056,0
F1C308F39CF03212002DCC2927C187459A0CC589,76118251997,0
F201FAABDA23C303B627A9893C4B5B8E2BBD4DCE,0,0
F2DD249176AF5E1BEE1CF4AB317699335C57DFF0,98304,0
F3BBFE693EA366000B33CC86522BA8837612E88C,2578875427,5948904465
F426CE85B65C61DA7070A061D150249251D1C9E6,0,0
F449E73EF8DA786614022C41C477995C058D75FC,0,0
F50C6363F68A549F4139D8ED032C953150DD41DB,0,0
F515D3D59CAC13B7A6964D5D4C9589B7D5C0FAA3,0,0
F5B91682C6BAB3648C1E88665C87492A0E9F9365,1321117620,0
F6839CF490A5DDA2CE0CA281FBBFA5C5CA50CD67,0,0
F68A0C9490EED8C71D4351FDA5EFF1D4E3DB902C,0,0
F6D43979AE0403F0C73BA7855D657F9FA03A6A4A,0,0
F6E532A0C852F0E2B707DF1DBF92DCE79A69EFDC,0,0
F70F7630B9590CB9030F75FE9E408D549E046296,0,0
F798995780B172512EBBDA24EC4AF110B3BF65A8,0,0
F7A1F0B00041CEB6F223F7B1A3A3069F305749DD,0,0
F7E3E4AC56ABB629293AAA08DE0E4D2070C24835,0,0
F8A9951828C261BFBB01C3393C4EDB84517BD7B8,0,0
F8EE3FA07570F03D58D05B7B45F9B9A65B11772C,0,0
F977B1BB8F93B7F8D14EE3A7F99F17F139287081,0,0
F9A1ED27E20677E6CD4090F112A1275197840CA0,0,0
FA0279323C9DAD64F95D51D0DD1462A393ED799C,0,0
FA30FF98D78EEAF5D0C6A34F8A0131D40F8F8B6B,0,0
FA5206212F6D03D744B863BF9EB457F4A30CC52E,491520,0
FA536E0E8547B19E7583B003C81449E5EDE72A3A,20264508,0
FA5F5EC0967F31C5772121EA6188A22D3311617F,1918486,0
FA9CCEBC462C65642148EBEE89ECF07FF8892FB8,0,0
FAA5C67D241B2BC4ACBB6C6CAB65828E9BEE9630,0,0
FB2AE53E5E520B450EC789280E64504F049850C2,0,0
FB358C7135B4B24D99FCA431B84247200253E568,0,0
FBBBDB5E6FF36B2A1FAC7B16BB6E4EF482B3E77A,0,0
FBC1A3AF637388B917C1982FC1FD6095141EF624,0,0
FBDDC755500C0C0CB5762BBEC26B4576D8B0D31B,22101627,0
FBE6B8DDCA22896900A60BAF3648A14DE91587E7,0,0
FBF7740423432DA97C48B6BEFEFD4928C925A4AC,0,0
FCB9E9D287E5843DAEF455D89B72AC40EF8CB543,0,0
FCD5D75245BD488D71F1F287A89D6660DBB90348,0,0
FCDF476556E83D5F996F36A4992A425DFB00E8B7,0,0
FD4253568E4C00CDAB853E611D56DE353C764188,0,0
FDC22AFD1C1E75FA7F8C0029DFF18585D9E8B258,0,0
FDD7A446FE949BC2F0AD9CD526B7594B95F22B65,0,0
FDF1A439804B2139C35C0ADE434A4FC11AC6011A,0,0
FE0E489CC00173C0A5A45C746699543C33E16F59,0,0
FE15E685E19FF6F83F9EB18BFC0C142DC66BC8D4,0,0
FE2040F7E3DA93CBB533FDDFB24506ACDBCC24C8,436225,24875626
FE8AFD4D64F338969317FFD917F4A662A2BC770E,0,0
FE8C2F6491349BB50512028BC9B65D2FC078D239,0,0
FE9592DAD754E22BBD52476452E722AF1EE06EAB,0,0
FEDA966547034F842E7E4575B74D43B6EE13405A,98304,0
FF6369BACC8269C2051623A47418EBD8C8533B29,0,0
FFA1D514E90680F557994A01491B01678666AA93,0,0
FFC83ADF3FB59C03551A6566DC726F9C95F411F9,0,0
